id,first_name,last_name,address,phone_number
1,Frederick,Newman,4416 Walton Hill,317-811-3715
2,Teador,Reeder,96068 Warrior Hill,718-614-6856
3,Camellia,Foottit,23548 Garrison Road,664-567-6238
4,Barbey,Grossman,62 Westend Terrace,868-276-0732
5,Homere,Miere,4 Division Avenue,957-885-5051
6,Cirstoforo,Gaveltone,7694 Arizona Court,963-623-2752
7,John,Domoni,14 Loftsgordon Park,478-289-0310
8,Marietta,Rawe,3411 Fordem Junction,930-792-4335
9,Kristian,Davoren,7112 Fallview Lane,775-878-5881
10,Elinore,Limming,2 Old Shore Plaza,898-920-0003
11,Keslie,Rosevear,828 Pankratz Street,680-399-9981
12,Randa,Sapsforde,89 Kim Road,740-295-4827
13,Keelia,Bohey,590 Moose Parkway,468-102-1234
14,Annemarie,Ritmeyer,99040 5th Way,154-528-4496
15,Daune,Madgwich,61 Anniversary Drive,865-492-5390
16,Ned,Sissons,11 Claremont Trail,431-730-0859
17,Dixie,Doyle,4 Fair Oaks Point,685-236-5388
18,Giselle,Wrack,524 Sherman Terrace,260-893-3972
19,Saunders,Niemetz,52921 Carpenter Plaza,568-873-1067
20,Gustavo,Branston,8427 Old Gate Parkway,785-700-1342
21,Marisa,Norwich,06 Mayer Way,605-227-8241
22,Millard,Tuson,2106 Harper Junction,411-572-3069
23,Silvanus,Lefort,87443 Menomonie Terrace,189-260-9916
24,Dewey,Whitewood,762 Westport Drive,820-487-4287
25,Yorker,Bezant,35789 Forest Run Hill,679-158-7414
26,Yorgo,Sparkwill,2 Sage Alley,217-488-8688
27,Corrie,Tomkin,93 Kenwood Alley,414-227-2280
28,Wolfgang,Deware,3 Grasskamp Trail,766-832-0931
29,Elissa,Willshaw,12018 Sachs Plaza,101-420-6993
30,Joleen,Greave,7621 Pennsylvania Way,457-805-2209
31,Benjy,Hearl,80725 Quincy Center,431-468-9857
32,Octavius,Gurden,46859 Glacier Hill Hill,561-655-1247
33,Gussie,Desseine,94 Haas Trail,982-128-4187
34,Franklin,Presnail,724 Artisan Point,103-582-9628
35,Donna,de Lloyd,4 Dahle Avenue,627-293-9604
36,Jordana,Punt,2751 Memorial Hill,995-409-8245
37,Horton,Phillp,8 Corry Crossing,661-859-7398
38,Kipp,Grose,96 Orin Street,415-679-6361
39,Suki,Casetti,17165 Shasta Drive,449-229-6060
40,Hedi,Moriarty,9 Havey Park,396-341-2481
41,Cate,Zapata,89 Arizona Point,959-740-7513
42,Ichabod,Greenshiels,38516 Holmberg Road,411-864-3105
43,Tiebout,Vannar,75947 Thierer Circle,625-841-8634
44,Janeva,Maciejewski,20 Eagan Point,746-631-7658
45,Sherlock,Swannell,4 Shopko Way,360-435-2219
46,Stephie,Lowater,7964 Sauthoff Lane,281-632-9321
47,Delores,Sawdy,318 Heath Trail,653-160-3332
48,Salmon,Irce,036 Dawn Center,444-643-7439
49,Mandy,Aronovitz,09867 Buell Lane,446-284-6134
50,Henryetta,Cridlon,80 Debra Terrace,688-194-3259
51,Douglass,Manz,07 Drewry Circle,483-309-6797
52,Gaynor,Lingfoot,05 Commercial Alley,202-919-6279
53,Zechariah,Piper,440 Ronald Regan Street,409-740-8450
54,Frederique,Gregon,0179 Orin Place,846-429-5324
55,Padget,Antill,1 Mccormick Terrace,861-854-3747
56,Grantley,Robathon,82 Morrow Hill,968-738-6763
57,Samaria,Twinbourne,0653 Maple Circle,286-902-7988
58,Tobe,Tomczak,314 Melrose Plaza,184-809-6662
59,Marianne,Rangle,5324 Declaration Park,325-421-1346
60,Leupold,Semple,76061 Melvin Way,567-243-8138
61,Pegeen,Yakunikov,1187 Dexter Point,614-336-2815
62,Albina,Dreini,84154 Lakeland Center,279-967-1510
63,Reggi,Norker,84 Sommers Center,585-446-1232
64,Tudor,Avramovic,8 Pennsylvania Crossing,687-361-7178
65,Sibel,Doerr,5382 Nobel Parkway,250-397-0749
66,Camellia,Kilfoyle,53613 Mayer Alley,777-772-3365
67,Orton,Diperaus,6126 Arizona Drive,635-598-3939
68,Tobie,Hoyer,4686 Spohn Junction,327-158-4990
69,Lynett,Phillip,062 Old Gate Hill,415-174-7131
70,Rosaline,Adamides,23 Reinke Drive,519-218-2574
71,Eadith,Jaffray,9148 Jay Trail,713-956-0432
72,Ida,Bride,1939 Oak Parkway,691-889-5416
73,Augusta,Loeber,85793 Eggendart Trail,935-160-0443
74,Rick,Crawford,9 Burrows Place,289-107-2378
75,Charity,Thornborrow,606 Havey Park,395-158-8272
76,Marshall,Van Der Hoog,6 Fair Oaks Way,731-406-1965
77,Jamey,Waryk,2279 3rd Avenue,781-140-2368
78,Inness,Norsworthy,0677 Vahlen Crossing,996-383-5081
79,Rakel,Nowland,58 Arkansas Hill,447-509-7167
80,Peria,Dudgeon,3 Portage Park,964-629-2042
81,Melinde,Moogan,9 Erie Parkway,523-977-9145
82,Muffin,Aizlewood,44 Luster Crossing,102-863-4596
83,Adolphus,McConachie,5 Hoepker Road,235-365-8728
84,Hamlen,Skipperbottom,3 Truax Point,699-474-3370
85,Doralynne,Gueinn,753 Tennyson Court,886-502-4327
86,Jake,Dearn,14549 Spohn Parkway,504-436-3474
87,Norris,Clewes,67 Sauthoff Junction,160-142-6300
88,Woodrow,Reams,80 Moulton Junction,219-433-4845
89,Rossie,Lay,965 4th Crossing,795-900-3546
90,Tatiania,Roderick,701 Luster Terrace,801-720-9741
91,Brennen,Cossem,09 Melody Junction,297-335-0854
92,Kayle,Tompkiss,67 Oriole Point,774-979-2616
93,Sarene,Downing,6653 Lindbergh Road,810-688-5031
94,Ardys,Orpin,4400 Prairieview Junction,604-355-5458
95,Dene,Kemery,8 Burrows Trail,913-977-1281
96,Camilla,Gripton,1 Mcguire Circle,242-520-2881
97,Dara,Callaby,048 Steensland Circle,334-709-1669
98,Kattie,Caseborne,0721 Steensland Alley,406-168-5001
99,Hakeem,Ewence,6 Schiller Park,385-125-6319
100,Dmitri,Hamber,6 Springs Alley,920-823-2691
101,Liliane,Tunnah,9133 Pawling Point,101-548-6675
102,Marcella,Pedrazzi,44 Shelley Place,900-229-6006
103,Isidro,Trevan,78567 Mallard Way,268-584-4357
104,Kareem,Adriaens,708 Dakota Alley,602-234-7323
105,Sonni,Vize,7383 New Castle Avenue,255-621-8143
106,Mandie,Acheson,92 Ruskin Road,266-261-3071
107,Wilie,Adds,91952 7th Drive,923-324-4925
108,Flora,Loweth,4376 Dottie Pass,203-860-4125
109,Una,Ridoutt,797 Meadow Ridge Circle,909-213-8469
110,Nicoline,Cogdon,4 Karstens Court,817-225-3859
111,Mill,Cowpe,23559 Tennyson Court,895-192-0227
112,Deina,Jocelyn,4 Mifflin Hill,580-937-7618
113,Dewain,Challener,2 Hoard Circle,221-887-7396
114,Ricki,Crosswaite,270 Park Meadow Way,260-696-2775
115,Marleen,Jackalin,18568 Acker Plaza,217-934-0958
116,Kingsly,Odger,72862 John Wall Place,605-348-3484
117,Gallard,Aimer,79 Sullivan Pass,320-729-3495
118,Olympie,Wilcock,791 Stang Crossing,541-799-2395
119,Tildie,Romney,6106 Rieder Street,635-741-1227
120,Katie,Crannach,6 Oakridge Terrace,469-482-6099
121,Lexi,Flecknell,31960 Nancy Trail,654-423-7787
122,Clay,Dugall,22058 Waxwing Avenue,751-377-5808
123,Kym,Catlow,10 Magdeline Pass,162-823-0906
124,Hayley,Antrim,0 Boyd Terrace,179-334-0968
125,Con,Le Conte,9 Twin Pines Court,964-601-8390
126,Reggis,Rosenkranc,77 Pierstorff Trail,111-635-5213
127,Rory,Claypole,02 Cody Junction,598-531-2062
128,Dyane,Mundall,57 Anzinger Trail,917-398-8944
129,Early,Anthes,042 Algoma Trail,960-517-6145
130,Britni,de la Tremoille,4 Eggendart Center,869-704-9756
131,Kimberly,Folder,7 Little Fleur Center,505-267-3797
132,Fred,Lorenzetti,9 Bluestem Way,651-189-0901
133,Ulrike,Wabey,8741 Tomscot Street,286-623-4227
134,Merle,Hopkyns,462 Graedel Alley,868-598-0698
135,Dorolisa,Kealey,8335 Rockefeller Plaza,535-916-0302
136,Rosamund,Beaushaw,3 Hanover Parkway,291-283-7394
137,Antonie,Dukesbury,52114 Graceland Crossing,230-793-4429
138,Kerr,Brettel,21 American Junction,241-545-1701
139,Milt,Nancarrow,759 Sloan Hill,539-422-9272
140,Krispin,Tomas,1 Ramsey Way,326-933-9329
141,Theresina,Priddis,04 Stone Corner Parkway,345-644-7282
142,Artair,Saunder,7927 Carioca Hill,526-752-8980
143,Deane,Lashmar,271 Huxley Drive,702-243-9730
144,Udale,Boustead,0740 Dexter Alley,498-392-9483
145,Jerald,Line,55 Dakota Parkway,871-663-7689
146,Kiersten,Wayvill,924 Red Cloud Avenue,866-165-1670
147,Magdalena,Carlaw,6173 Bunting Junction,546-809-6494
148,Dareen,Lardez,66 Glendale Parkway,378-659-4564
149,Sarajane,Blackesland,03 Katie Street,584-548-9120
150,Rania,Swannick,4004 Nancy Plaza,305-425-5490
151,Maxy,Mullinger,5945 Truax Point,862-101-7955
152,Kayne,Steer,60 Homewood Place,972-943-8505
153,Liv,Soppit,668 Hoepker Court,705-690-6149
154,Clovis,Banasik,41 Rusk Circle,397-108-6089
155,Brittni,Josephsen,28454 7th Way,467-296-7807
156,Bili,Rivitt,77 Sugar Lane,601-211-5601
157,Vail,Erskin,418 Bonner Place,339-586-8197
158,Wright,Collocott,9275 Anniversary Pass,118-953-5440
159,Dugald,Verdie,77 Barnett Alley,126-757-8462
160,Finley,Mulcahy,212 Hauk Street,159-647-8128
161,Rania,Thairs,71729 Judy Street,569-217-8655
162,Miquela,Eschalette,38 Waywood Street,407-338-4463
163,Julieta,Borris,21 Hazelcrest Avenue,802-847-5205
164,Trever,Wingrove,25 Sunbrook Hill,984-481-9750
165,Augusto,Elsmore,371 High Crossing Alley,268-364-9242
166,Fallon,Levington,2985 Hooker Park,750-857-2838
167,Gwyn,Bowra,14 Kenwood Junction,392-470-6420
168,Josephine,Tryme,089 Westerfield Parkway,887-456-2148
169,Jed,Hellmore,13 Farwell Street,559-884-3825
170,Tildy,Downey,3 American Ash Court,665-512-6276
171,Franny,Truelock,010 Weeping Birch Crossing,405-261-7470
172,Darryl,Sellstrom,965 Farwell Crossing,361-676-5023
173,Orlando,Raiker,45 Schiller Point,368-582-3612
174,Cinnamon,Arboine,59 Carey Hill,506-469-7333
175,Barnard,Harbin,3753 Bluestem Alley,895-699-4123
176,Tibold,Lodovichi,49433 Arkansas Drive,542-658-3010
177,Patience,Abethell,3104 Clarendon Hill,870-614-9447
178,Garrick,Ebbett,5 Bellgrove Road,586-376-5701
179,Olympe,Gaskarth,43 Meadow Valley Place,770-299-2902
180,Urbanus,Lugton,5035 Sherman Park,756-107-2363
181,Mathilde,Loudiane,464 Canary Terrace,751-930-3137
182,Lucia,Renfree,524 Northport Circle,665-966-6825
183,Windham,Jury,84 Cascade Alley,418-423-3728
184,Hewitt,Deny,606 Grim Street,906-721-1129
185,Launce,Pressey,1792 Bluestem Crossing,682-250-8759
186,Rustin,Vowdon,77732 Warner Point,324-534-4705
187,Shana,Mattia,35 Oneill Pass,418-840-3791
188,Brier,Klinck,782 Garrison Terrace,556-516-9784
189,Hasty,Avesque,192 Mockingbird Terrace,355-853-4151
190,Lori,Greenrde,86 Pine View Center,993-484-7261
191,Dalis,Kinworthy,49265 Grover Trail,810-768-8109
192,Neale,Matantsev,508 Fair Oaks Alley,724-455-5899
193,Joshua,Bernot,9 Westend Plaza,116-192-8832
194,Addia,Lyffe,03628 Beilfuss Street,535-630-4348
195,Rodd,Sarre,3434 Warrior Way,473-400-3972
196,Nickey,Broderick,18701 Mariners Cove Parkway,498-829-4278
197,Ive,Handyside,356 Judy Center,285-797-0085
198,Burnard,Fassbindler,010 Blaine Terrace,174-610-8494
199,Lombard,Jeyes,43065 Arrowood Drive,654-588-0334
200,Emmeline,Knotte,7 Havey Terrace,817-885-7238
201,Nickey,January,28 Dakota Plaza,377-942-4877
202,Ernest,Peacham,1197 Lunder Terrace,765-311-7831
203,Elisha,Redemile,561 Gerald Terrace,140-381-3216
204,Marlowe,Huyghe,6342 Crowley Place,329-461-3753
205,Mackenzie,Duck,8101 Division Plaza,384-457-8526
206,Edee,Flagg,997 Susan Trail,854-604-1271
207,Netty,Edon,03 Saint Paul Alley,759-129-1833
208,Gwenneth,Kealy,19 Darwin Junction,123-450-8882
209,Muhammad,Kinkade,51790 Garrison Way,895-616-4471
210,Brewer,Itzcovichch,44 Talmadge Lane,899-461-4729
211,Clement,Djordjevic,5326 Talisman Place,120-470-5519
212,Silas,Corran,18 Northview Hill,430-234-1342
213,Cos,Seson,2810 Acker Center,272-402-8283
214,Aube,Goble,9 Duke Parkway,203-202-9939
215,Harriot,Whines,6028 Maple Drive,594-133-7385
216,Greggory,Kimbell,7 Lotheville Trail,971-983-2444
217,Vergil,Clissold,47027 Swallow Circle,366-819-1615
218,Adolphe,Raith,73909 East Hill,315-421-8127
219,Michale,Elphinston,4666 Summer Ridge Point,156-575-7417
220,Abran,Evreux,3 Mockingbird Drive,823-730-3982
221,Merrili,Robarts,6 Green Parkway,652-401-7189
222,Elisabetta,Tschierasche,891 Packers Circle,372-869-8921
223,Marlon,Scrimshire,1248 Shopko Alley,930-233-1935
224,Gratiana,Ivanchov,00343 Del Sol Street,328-128-0254
225,Stephie,Beall,21 Dixon Plaza,403-171-3485
226,Idelle,Atto,6 Forest Run Road,950-453-1997
227,Arlette,Nethercott,14965 Fremont Terrace,299-584-2205
228,Antons,Bento,62 Village Green Road,851-857-0732
229,Marshal,Spratling,63 Mesta Street,280-668-3943
230,Anita,Crandon,0027 Ilene Court,650-849-4871
231,Benyamin,Humbee,13285 Alpine Pass,840-814-9067
232,Northrup,Warton,4929 Bayside Drive,340-916-6571
233,Torrence,Lunk,6 Linden Hill,413-768-4744
234,Norris,Bafford,8 Gina Circle,452-851-4613
235,Sayers,Ortner,649 Fieldstone Drive,808-441-3835
236,Nelli,Thornthwaite,2 Fisk Point,280-995-9863
237,Myrle,Carrett,875 Ridgeview Crossing,491-254-0976
238,Ariel,Coop,59 Park Meadow Place,404-563-7798
239,Sergei,Cridge,8 Gateway Court,769-604-9822
240,Nathalie,Franssen,63036 Lillian Court,594-997-6325
241,Gracie,Gaishson,5249 Dovetail Court,669-639-1584
242,Luce,Tatnell,7320 Ridgeway Terrace,398-814-0414
243,Lon,Dumbarton,2 Atwood Alley,865-892-5703
244,Dorita,Dallender,44686 Carioca Street,858-794-4049
245,Giorgia,Ribchester,730 Hagan Circle,797-764-2984
246,Ali,Leuty,17 Fremont Pass,878-933-0013
247,Donetta,Dikes,57976 Fieldstone Avenue,532-220-3148
248,Cullan,Bernardon,0546 Lunder Parkway,389-149-7394
249,Beverly,Schachter,061 Elgar Terrace,529-774-3891
250,Conny,Moxon,9701 Atwood Hill,657-858-8783
251,Port,Petre,1111 Upham Terrace,797-474-6413
252,Susannah,Tolemache,3 Village Green Pass,722-357-3310
253,Robinett,Boak,81724 Sunnyside Street,673-788-2061
254,Jasmina,Norcutt,339 Farmco Terrace,673-942-2850
255,Noellyn,Bartolomeo,3308 Straubel Court,454-166-7077
256,Dwain,Stockney,6105 Kim Drive,364-875-1389
257,Avictor,Dyche,23466 Kensington Park,643-955-4180
258,Gus,Davids,31 Dayton Place,257-309-7863
259,Welch,Croster,3164 Burning Wood Place,126-897-0615
260,Martino,Thistleton,650 Esker Pass,226-892-2734
261,Brit,Fer,7 Colorado Way,701-521-3154
262,Luis,Othen,40 Riverside Parkway,589-197-6709
263,Lib,Shirt,430 Gerald Road,423-550-6598
264,Gabie,Rickert,230 Loftsgordon Park,366-941-7837
265,Giffer,McLae,695 Russell Point,549-644-5088
266,Cletus,Beminster,39 Morning Terrace,324-905-3022
267,Angie,Sherrum,9 Algoma Park,930-432-6804
268,Even,Bruton,27 Union Junction,757-347-8237
269,Barbabas,Reynish,732 Bartelt Junction,383-110-2511
270,Arlana,Taylot,56 Warrior Lane,810-535-6539
271,Verile,Havenhand,50693 Westport Road,338-231-6824
272,Lisa,Reaney,53 Independence Place,554-841-9773
273,Raynard,Jeannet,652 Stuart Avenue,622-793-0987
274,Harriott,Sigge,7 Troy Hill,340-231-6898
275,Torrence,Geraldez,54697 Pierstorff Terrace,438-589-0917
276,Silvia,Sudddard,4071 Sage Plaza,930-832-3695
277,Raynor,Wallas,71 8th Place,804-434-7088
278,Gert,Casterton,3679 Troy Pass,286-885-5178
279,Jordon,Petris,97 Cardinal Plaza,298-558-6085
280,Fayina,Russe,5 Maywood Lane,509-619-4994
281,Ariela,Laffoley-Lane,2 West Parkway,415-625-3276
282,Lyndy,Whiteside,23 Messerschmidt Hill,887-193-7353
283,Elysee,Marcussen,84 Main Circle,127-603-6863
284,James,Screwton,0291 Sheridan Alley,316-525-3713
285,Beauregard,Garvin,4 Di Loreto Drive,380-132-3796
286,Hoyt,Cecere,3 Comanche Place,442-624-7229
287,Osborne,Easby,7 Westport Pass,984-756-3762
288,Timmy,Scriver,40594 Blackbird Place,672-653-2619
289,Dennie,Coomer,81 Vidon Way,168-880-2707
290,Sallyanne,Lord,4771 Pennsylvania Parkway,325-774-3586
291,Archibaldo,Ludee,45584 Express Court,670-867-8137
292,Elsie,McLeoid,93124 Sunbrook Point,823-589-0798
293,Kessia,Sherewood,13818 Dryden Hill,128-744-7477
294,Eli,Fabb,1 Hovde Hill,791-896-8884
295,Etty,Vasyunkin,3576 Pierstorff Trail,357-190-1034
296,Cary,Dominetti,4292 Bonner Street,323-789-0457
297,Dennis,Pavluk,25 Cherokee Trail,763-118-2434
298,Lyman,Fligg,27056 Eastlawn Trail,186-396-2679
299,Ardyce,Ducket,8 Moulton Plaza,268-399-1933
300,Thain,Beavan,68 Boyd Parkway,807-751-4458
301,Towny,MacTerrelly,7 High Crossing Trail,732-151-7226
302,Flinn,Tonner,7875 Banding Crossing,301-807-4770
303,Agathe,Rous,5896 Dahle Drive,345-652-4439
304,Shaina,Alishoner,89452 Elgar Trail,944-232-1873
305,Doy,Anstie,23891 Del Mar Place,109-317-9765
306,Ronalda,O'Doghesty,4826 Manufacturers Road,372-165-2987
307,Thaxter,Gilardi,9227 Vermont Way,311-425-8252
308,Aguistin,Laurence,90 Killdeer Lane,251-574-7061
309,Cordie,Smelley,4054 Sheridan Lane,937-720-4433
310,Mickie,Jirick,6 Division Trail,728-909-0116
311,Sean,Danahar,77891 Dennis Plaza,379-422-0569
312,Maure,Jakubiak,235 High Crossing Crossing,683-104-9930
313,Saunders,Herley,85279 Knutson Drive,432-816-4320
314,Kaja,Fredi,08 Menomonie Point,724-269-9422
315,Mile,Wakeman,9 Banding Circle,898-353-5388
316,Eadmund,Thackray,6405 Scoville Court,264-733-6566
317,Prinz,Bohills,04580 Pawling Street,197-468-1434
318,Hetti,Marking,5 Sunbrook Lane,535-378-6182
319,Hiram,Prisley,5347 Moulton Street,528-220-1048
320,Elena,O'Collopy,56998 Tony Plaza,248-934-4533
321,Monah,Heppner,58 Hallows Park,785-248-6974
322,Hakim,Connachan,817 Montana Lane,816-234-6525
323,Michale,Moulton,783 Norway Maple Plaza,380-159-4415
324,Silvana,Gershom,970 Towne Avenue,320-776-7797
325,Rockwell,Pinar,7 Beilfuss Plaza,515-188-1481
326,Kilian,Vescovo,9 Pierstorff Hill,422-212-8218
327,Malanie,Iremonger,59 Hanson Center,817-377-1373
328,Marlo,Stainbridge,2395 Gale Plaza,247-932-7140
329,Meryl,Kingstne,84628 Arkansas Parkway,659-557-3187
330,Lindie,Klimpt,5 Pine View Center,842-816-2242
331,Ulrica,Colebrook,1 Veith Point,974-147-5530
332,Bill,Shackle,7 5th Pass,177-318-9890
333,Lacey,Glendza,7 Lillian Terrace,418-768-0870
334,Nelle,O'Toole,9272 Morning Point,701-923-5843
335,Sephira,Buchan,16 Acker Point,257-408-5661
336,Douglas,Greenland,84 Namekagon Crossing,215-659-6610
337,Daren,Sumbler,5018 Mitchell Terrace,985-569-1931
338,Marco,Sansam,066 Talisman Alley,859-980-0631
339,Guglielma,Benkin,02910 Sheridan Circle,664-806-7103
340,Grantley,Babin,8990 Sycamore Point,588-995-8926
341,Pace,Craighall,6 Jenifer Drive,632-639-7993
342,Celie,Loffill,288 Myrtle Terrace,443-269-3306
343,Nobe,Tampen,0 Armistice Circle,516-859-0175
344,Jonah,Merredy,22582 Tony Road,281-307-3490
345,Albertina,Yashin,5351 Johnson Crossing,797-564-8916
346,Carlin,De Cleen,62 Ridgeway Park,443-665-1958
347,Lula,Hanway,22170 Jana Way,689-550-5430
348,Jemima,Kenwin,305 Shoshone Circle,982-761-8805
349,Munroe,Gronw,509 Division Road,243-438-6162
350,Candie,Wurz,7 Homewood Street,820-588-9005
351,Gino,Benne,505 Brown Terrace,390-754-3808
352,Lucilia,Papps,55640 Clemons Road,531-108-3310
353,Frasco,Lossman,11 Grover Terrace,265-853-8608
354,Shoshanna,Gosker,81 Alpine Alley,430-438-1548
355,Megan,Nazareth,4 Lakeland Crossing,873-222-4042
356,Dorita,Starie,0084 Lunder Drive,816-182-4463
357,Arnuad,Arnoud,34 Basil Way,548-150-0773
358,Sharline,Snedden,98 Stephen Pass,690-791-7765
359,Dawn,Ledgeway,9453 Grayhawk Court,189-172-5605
360,Milty,Norrington,772 Ludington Park,490-797-8008
361,Clara,Wodeland,921 Lukken Drive,674-462-1782
362,Ulrich,Stearnes,335 Banding Place,394-745-6406
363,Kayne,Gresswell,83 Helena Circle,348-381-3017
364,Dalis,Sayburn,42 Kipling Way,825-710-9854
365,Celinka,Tregent,53 Veith Center,356-900-6126
366,Stanislas,Treagus,4 Stang Street,170-417-1052
367,Laurens,Paoletti,84106 Goodland Center,801-221-6977
368,Erin,Smails,146 Twin Pines Junction,120-726-0644
369,Sam,Whissell,929 Butternut Road,289-618-2697
370,Danyelle,Blaes,8 Spohn Park,178-437-7978
371,Missie,Chestle,24291 Hooker Lane,346-166-8031
372,Connie,Hanaford,072 Reinke Way,819-630-0729
373,Franciskus,Allin,848 Sutteridge Pass,407-614-5075
374,Kaitlin,Lomasna,1 Washington Parkway,334-146-7266
375,Barney,Ramey,8 Thompson Pass,249-568-5453
376,Darelle,Windrass,47 Texas Parkway,128-547-1206
377,Gordan,Sanz,7 Westport Lane,246-210-2924
378,Vivie,Jordi,51 Nova Way,284-228-5602
379,Albertina,Trehearn,56548 Eliot Drive,722-631-1511
380,Dacie,Speakman,294 Di Loreto Plaza,158-136-8700
381,Clive,Aleso,4 Fairview Alley,128-642-5805
382,Cullie,Jollye,503 Valley Edge Park,778-110-5025
383,Doug,Crippell,7658 Stoughton Pass,570-908-6010
384,Merilee,Durnell,84806 Transport Avenue,430-363-9603
385,Happy,MacWhan,7 Buell Road,243-163-5717
386,Patricio,Laver,7987 Elmside Street,824-442-0229
387,Uri,Steffan,802 Mesta Circle,711-377-8693
388,Claudetta,Pettingall,95 Eggendart Point,590-636-3883
389,Bianka,Wison,32 Karstens Trail,620-391-9827
390,Cosette,Lichfield,3 Sachs Hill,596-271-6893
391,Phoebe,Lucas,8746 Merrick Terrace,665-505-8713
392,Maude,Scamadin,3540 3rd Court,757-222-2213
393,Jeffry,Zecchinelli,43 Golden Leaf Trail,242-319-8496
394,Aida,Shivell,84380 Bunker Hill Park,564-784-1128
395,Rogerio,Langlois,3 Sundown Way,362-811-5181
396,Johnnie,Streeting,546 Maple Wood Street,474-688-8159
397,Laurella,Pablo,4 Hovde Crossing,713-308-4871
398,Ralina,Teodoro,279 Rigney Point,635-281-1805
399,Emilio,Amiranda,8 Waywood Drive,819-965-3733
400,Lainey,Treffrey,0 Moland Road,342-858-7705
401,Lorraine,Farrant,0 Valley Edge Way,203-893-1647
402,Kyrstin,Aldhous,8241 Fulton Point,817-305-8184
403,Pet,Thowes,88580 Warrior Junction,155-475-2175
404,Neale,Wheelan,474 Prentice Point,422-823-1760
405,Rikki,Aggus,1044 Kennedy Plaza,782-184-4797
406,Vilma,Cregan,2 Veith Center,596-403-7024
407,Kalindi,Tourmell,168 Schiller Alley,335-739-4164
408,Myriam,Estevez,2753 South Place,286-892-9617
409,Rafaello,Naerup,97138 Melby Place,688-630-3076
410,Agathe,Guisby,4 School Street,389-723-2574
411,Constancy,Jorden,6454 Logan Court,615-364-3467
412,Justine,Hawksworth,7739 Mitchell Terrace,305-468-1879
413,Lissy,Dunwoody,2605 Stuart Parkway,304-457-2502
414,Lennie,Begbie,5618 Center Way,409-392-0335
415,Shanie,Scocroft,143 Fairview Alley,475-485-1369
416,Imojean,Wrigglesworth,25 7th Hill,617-826-3864
417,Holli,Georgi,845 Blackbird Terrace,697-583-3479
418,Edythe,Kybird,421 Independence Road,617-643-6069
419,Reinald,Shepton,64 Kings Court,427-259-5801
420,Grady,Crose,54 North Trail,900-631-4592
421,Cooper,Giovannardi,8 Onsgard Plaza,629-881-4588
422,Ree,Lynnitt,71 Thompson Road,171-969-7921
423,Matias,Chennells,307 Upham Place,578-969-7838
424,Stearne,Helling,646 Center Parkway,795-508-1562
425,Dorine,Larham,463 Service Drive,131-276-0902
426,Anne-marie,O'Dunniom,5 David Avenue,878-579-3837
427,Mireielle,Marcinkus,0 Talmadge Park,942-613-5296
428,Vanny,Custy,6054 Independence Junction,711-516-4169
429,Sherm,Minichillo,7 Dahle Lane,445-316-5774
430,Orel,Petigrew,45 Grayhawk Drive,958-432-8849
431,Panchito,Benninger,44 Lake View Plaza,889-776-6634
432,Cheri,Raith,074 Mandrake Hill,489-264-3463
433,Giulietta,Noell,505 Columbus Lane,588-589-1098
434,Kipp,Bruce,9458 Packers Park,588-944-1879
435,Carroll,Argont,2136 8th Terrace,480-126-9005
436,Micheline,Ludee,7 Mosinee Place,871-371-9653
437,Phillis,Matuszewski,9672 Chive Road,524-285-4916
438,Harmonia,Benterman,73 Sachs Parkway,417-580-1167
439,Monah,Cresar,181 Badeau Park,977-373-5927
440,Madelene,Longhorne,38845 Sherman Park,993-224-1427
441,Roanna,Skehan,906 Hintze Circle,412-916-4796
442,Fancie,Willshire,59 Waxwing Point,510-122-7087
443,Penn,O'Carroll,96 David Hill,534-137-2329
444,Ellen,Theobald,7 Pleasure Parkway,876-102-4508
445,Jeremiah,Bowdler,40358 John Wall Junction,839-993-4169
446,Ilise,Ohrt,28 Lakeland Hill,510-544-6280
447,Dorey,Quartermaine,2025 Manley Place,112-390-0920
448,Dorian,Brouncker,88 Macpherson Parkway,490-438-2067
449,Eldridge,Jenney,85 Garrison Road,445-198-5824
450,Dane,Clandillon,634 Armistice Junction,900-497-5848
451,Sandy,Ayscough,5 Vahlen Alley,229-731-2419
452,Inesita,Late,6811 Ruskin Way,591-650-7299
453,Rhett,Danilovitch,32 Annamark Street,333-478-3333
454,Rogerio,St. Hill,2446 Ronald Regan Road,686-788-5723
455,Abbot,Jerson,8512 Talmadge Junction,769-467-8424
456,Byran,Joyce,397 Loeprich Crossing,626-512-2842
457,Garold,Webby,2 Forest Plaza,549-893-4331
458,Benyamin,McLelland,779 Division Hill,415-496-5148
459,Stanley,Moorey,3 Butternut Court,594-843-8653
460,Malena,Strathern,06659 Trailsway Point,993-244-9566
461,Agatha,Deller,3 Charing Cross Place,172-829-2184
462,Shoshanna,Boat,53500 Schlimgen Drive,672-767-6286
463,Mario,Haddinton,10 Eliot Plaza,334-400-8321
464,Colette,Borrows,79089 La Follette Pass,632-690-3959
465,Jeannie,Bedin,462 Goodland Alley,454-504-6732
466,Shaw,McKague,45 Golf View Circle,735-489-7376
467,Lemar,Stivens,67820 High Crossing Center,400-780-8732
468,Nettle,Denniss,7 Dryden Point,143-954-9368
469,Agna,Hampson,93 Coleman Hill,996-420-6993
470,Dolph,Seabrocke,6 Bluestem Hill,185-227-3797
471,Guinna,Riccardini,7 Buhler Circle,755-266-7463
472,Belle,Bridgeland,1 Kings Lane,545-519-5698
473,Reider,Rawcliff,4 Bartelt Circle,913-244-1612
474,Wrennie,Beggi,87228 Blaine Parkway,462-969-0839
475,Park,Peltz,96427 Annamark Way,577-628-2953
476,Nariko,Gronous,6 Little Fleur Hill,723-542-3660
477,Klarrisa,Beurich,8959 Marquette Parkway,486-952-3109
478,Earle,Waddams,592 Scoville Plaza,138-528-7634
479,Natalina,Arnot,71 Milwaukee Terrace,944-561-0486
480,Roscoe,Bainbrigge,49 Clemons Trail,744-597-0741
481,Emelen,Whether,5 John Wall Avenue,226-463-4721
482,Ryon,Jewise,71 Ludington Avenue,177-876-7233
483,Joy,Klosges,359 Hermina Place,247-950-7502
484,Kimbra,Critchard,64 Express Alley,180-125-2619
485,Odey,Smiths,275 Harbort Center,895-665-8616
486,Fianna,Winteringham,20 Shoshone Road,577-264-0911
487,Howie,Gartan,818 Carberry Alley,451-621-4700
488,Lewiss,McReedy,31759 Crownhardt Plaza,723-879-2826
489,Tadeas,Size,296 Pleasure Parkway,109-292-9959
490,Casey,Edworthie,2 Drewry Avenue,387-595-6892
491,Augustus,Otto,504 Raven Circle,384-990-3865
492,Kale,Fortnum,529 Mallard Hill,851-482-3491
493,Hector,Ambroise,01605 Roth Alley,400-122-5976
494,Lorrie,Neesham,66 Roxbury Parkway,668-373-8851
495,Duncan,Tillot,857 Anhalt Alley,929-682-3182
496,Phillipp,Dugan,4 Brickson Park Trail,934-418-5891
497,Patrice,Dobby,8824 Pearson Junction,160-310-5037
498,Ron,Filintsev,4 Montana Park,176-924-7713
499,Cyrill,Canero,32091 Dahle Trail,509-595-0493
500,Salvidor,Sillick,73 Stang Park,977-352-4069